{
  "version": "1.0",
  "star": {
    "mass": 1.3599207165769427,
    "radius": 1.2165666825268757,
    "luminosity": 3.5130734874541796,
    "temp": 7171.853125000903,
    "metallicity": 0.1642652538835682,
    "absMag": 3.404864102745063,
    "spectralClass": "F"
  },
  "system": {
    "frostLine": 5.060662577522924,
    "planets": [
      {
        "a": 0.6224859251674999,
        "e": 0.0013301717056326528,
        "i": 1.792431148623388,
        "mass": 0.13341365188592363,
        "radius": 0.5620268899551311,
        "radiusKm": 3580.67331590414,
        "density": 4.143213971222986,
        "type": "Terrestrial",
        "comp": {
          "fe": 0.31049034671657233,
          "si": 0.6895096532834277,
          "h2o": 0,
          "h": 0
        },
        "color": "#a08c76",
        "pressure": 0,
        "temp": 482.3939322947127,
        "anomaly": 1.3002130601334014,
        "lan": 1.808517369147381,
        "eqTemp": 482.3939322947127,
        "stellarWindEffect": 0,
        "hasLife": false,
        "lifeCoverage": 0,
        "isChthonian": false,
        "atmosphereStripped": false,
        "strippedByHeat": false,
        "moons": []
      },
      {
        "a": 1.09090879913304,
        "e": 0.00336853539124818,
        "i": 3.329294160371674e-19,
        "mass": 4.757319349601499,
        "radius": 1.8559919079778349,
        "radiusKm": 11824.524445726785,
        "density": 4.1024419559683984,
        "type": "Terrestrial",
        "comp": {
          "fe": 0.2936991979091583,
          "si": 0.7063008020908417,
          "h2o": 0,
          "h": 0
        },
        "color": "#a08c76",
        "pressure": 200.4393129042069,
        "temp": 932.5114795121849,
        "anomaly": 4.702446511146602,
        "lan": 0.8319257815577018,
        "eqTemp": 364.3949773222221,
        "stellarWindEffect": 0,
        "hasLife": false,
        "lifeCoverage": 0,
        "isChthonian": false,
        "atmosphereStripped": false,
        "strippedByHeat": false,
        "moons": [
          {
            "a": 25.531133131815377,
            "e": 0.00005013548472469826,
            "i": 0.07635633660144908,
            "mass": 0.0018842069255999518,
            "radius": 0.13328588526730306,
            "radiusKm": 849.1643750379877,
            "density": 4.387170245862128,
            "type": "Terrestrial",
            "comp": {
              "fe": 0.40443848592330583,
              "si": 0.5955615140766941,
              "h2o": 0,
              "h": 0
            },
            "color": "#a08c76",
            "pressure": 0,
            "temp": 350.92034754394524,
            "anomaly": 3.7858893791632418,
            "lan": 0.7558001991271907,
            "eqTemp": 342.75524581120294,
            "stellarWindEffect": 0,
            "hasLife": false,
            "lifeCoverage": 0,
            "isChthonian": false,
            "atmosphereStripped": false,
            "strippedByHeat": false,
            "moons": [],
            "name": "a",
            "_isMoon": true,
            "moonFeatures": [
              "volcanic"
            ],
            "texture": {}
          }
        ]
      },
      {
        "a": 1.63760242397385,
        "e": 0.002283011646869539,
        "i": 7.1447623929956965,
        "mass": 2.9416429517784883,
        "radius": 1.5626165920871118,
        "radiusKm": 9955.43030818699,
        "density": 4.25050996292444,
        "type": "Terrestrial",
        "comp": {
          "fe": 0.3531387854496749,
          "si": 0.6468612145503251,
          "h2o": 0,
          "h": 0
        },
        "color": "#a08c76",
        "pressure": 19.44749269431319,
        "temp": 574.9970291188497,
        "anomaly": 4.150975043101615,
        "lan": 0.44055176208756264,
        "eqTemp": 297.41465766926456,
        "stellarWindEffect": 0,
        "hasLife": false,
        "lifeCoverage": 0,
        "isChthonian": false,
        "atmosphereStripped": false,
        "strippedByHeat": false,
        "moons": []
      },
      {
        "a": 3.5751769601721355,
        "e": 0.02134357558312393,
        "i": 3.0426719804371083,
        "mass": 0.6300035784748476,
        "radius": 0.9256178361905447,
        "radiusKm": 5897.111234369961,
        "density": 4.379819842616087,
        "type": "Terrestrial",
        "comp": {
          "fe": 0.40179850578871995,
          "si": 0.5981873341121748,
          "h2o": 0.000014160099105140368,
          "h": 0
        },
        "color": "#a08c76",
        "pressure": 2.7009134867980427,
        "temp": 282.5632702215603,
        "anomaly": 0.00038020651952580986,
        "lan": 1.614035353568045,
        "eqTemp": 201.28797607714486,
        "stellarWindEffect": 0,
        "hasLife": false,
        "lifeCoverage": 0,
        "isChthonian": false,
        "atmosphereStripped": false,
        "strippedByHeat": false,
        "moons": []
      },
      {
        "a": 9.793953153552465,
        "e": 0.015344642876430403,
        "i": 0.005976123079935499,
        "mass": 11.745408907687818,
        "radius": 3.2022780144255685,
        "radiusKm": 20401.713229905297,
        "density": 1.9719659627961417,
        "type": "Mini-Neptune",
        "comp": {
          "fe": 0.1469035158089714,
          "si": 0.3954979772681265,
          "h2o": 0.31487354498824977,
          "h": 0.1427249619346522
        },
        "color": "#b0d0d0",
        "pressure": 11745.408907687817,
        "temp": 121.61512579903305,
        "anomaly": 2.4318772927901087,
        "lan": 5.926793652374301,
        "eqTemp": 121.61512579903305,
        "stellarWindEffect": 0,
        "hasLife": false,
        "lifeCoverage": 0,
        "isChthonian": false,
        "atmosphereStripped": false,
        "strippedByHeat": false,
        "moons": [
          {
            "a": 62.89331086990209,
            "e": 0.00341155848671372,
            "i": 0.0940239860988101,
            "mass": 0.000671283892508811,
            "radius": 0.11046818522666242,
            "radiusKm": 703.7928080790663,
            "density": 2.7453830150311944,
            "type": "Terrestrial",
            "comp": {
              "fe": 0.3408623457166901,
              "si": 0.3251635351515042,
              "h2o": 0.33397411913180564,
              "h": 0
            },
            "color": "#406080",
            "pressure": 0,
            "temp": 117.45231542336418,
            "anomaly": 1.4766346309699732,
            "lan": 0.0031710344048916936,
            "eqTemp": 114.59009204840055,
            "stellarWindEffect": 0,
            "hasLife": false,
            "lifeCoverage": 0,
            "isChthonian": false,
            "atmosphereStripped": false,
            "strippedByHeat": false,
            "moons": [],
            "name": "a",
            "_isMoon": true,
            "moonFeatures": [
              "subsurface_ocean"
            ],
            "texture": {}
          }
        ]
      },
      {
        "a": 34.16643080803388,
        "e": 0.01464048186763607,
        "i": 0.000016411685873271995,
        "mass": 347.08963171894874,
        "radius": 12.371571514981001,
        "radiusKm": 78819.28212194396,
        "density": 1.0105909511397855,
        "type": "Gas Giant",
        "comp": {
          "fe": 0.024402997932001402,
          "si": 0.01501856322568526,
          "h2o": 0.06101026303087287,
          "h": 0.8995681758114406
        },
        "color": "#e0c0a0",
        "pressure": 347089.6317189487,
        "temp": 65.11286399365608,
        "anomaly": 0.6669496233235028,
        "lan": 1.1123697532115295,
        "eqTemp": 65.11286399365608,
        "stellarWindEffect": 0,
        "hasLife": false,
        "lifeCoverage": 0,
        "isChthonian": false,
        "atmosphereStripped": false,
        "strippedByHeat": false,
        "moons": [
          {
            "a": 201.45336712034518,
            "e": 0.24456538425004534,
            "i": 0.0020439049043560805,
            "mass": 0.0005097743736378078,